[
	{
	"id": 56,
	"code": "mifan_zheng",
	"name": "米饭",
	"thumb_image_url": "https://s.boohee.cn/house/upload_food/2022/1/18/slim_mid_photo_url_big_photo_url_f81e8de29f76e6d0c39d4142fe45764f.jpg?x-oss-process=image/resize,w_200,h_200",
	"is_liquid": false,
	"health_light": 1,
	"weight": "100", //g
	"calory": "116", //千卡
	"fat": "0.3", //脂肪
	"protein": "2.6", //蛋白质
	"fiber_dietary": "0.3", //膳食纤维
	"carbohydrate": "25.9", //碳水化合物
	"vitamin_a": "0.0", //维生素A
	"thiamine": "0.02",
	"lactoflavin": "0.03",
	"vitamin_c": "0.0",
	"vitamin_e": "0.0",
	"niacin": "1.9",
	"natrium": "2.5",
	"calcium": "7.0",
	"iron": "1.3",
	"kalium": "30.0",
	"iodine": "0.0",
	"zinc": "0.92",
	"selenium": "0.4",
	"magnesium": "15.0",
	"copper": "0.06",
	"manganese": "0.58",
	"cholesterol": "0.0",
	"folacin": "3.4",
	"saturated_fat": "0.0",
	"sugar": "",
	"vitamin_b6": "0.0",
	"phosphor": "62.0",
	"gi": "90.0",
	"gl": "23.0"
}, {
	"id": 63,
	"code": "yumi_xian",
	"name": "鲜玉米",
	"thumb_image_url": "https://s.boohee.cn/house/upload_food/2022/1/18/slim_mid_photo_url_c2151343a69cae01925e8599d66bcc8c.jpg?x-oss-process=image/resize,w_200,h_200",
	"is_liquid": false,
	"health_light": 1,
	"weight": "100",
	"calory": "112",
	"fat": "1.2",
	"protein": "4.0",
	"fiber_dietary": "2.9",
	"carbohydrate": "22.8",
	"vitamin_a": "0.0",
	"thiamine": "0.16",
	"lactoflavin": "0.11",
	"vitamin_c": "16.0",
	"vitamin_e": "0.46",
	"niacin": "1.8",
	"natrium": "1.1",
	"calcium": "0.0",
	"iron": "1.1",
	"kalium": "238.0",
	"iodine": "1.1",
	"zinc": "0.9",
	"selenium": "1.63",
	"magnesium": "32.0",
	"copper": "0.09",
	"manganese": "0.22",
	"cholesterol": "0.0",
	"folacin": "31.9",
	"saturated_fat": "",
	"sugar": "8.89",
	"vitamin_b6": "",
	"phosphor": "117.0",
	"gi": "55.0",
	"gl": "10.9"
}, {
	"id": 1173,
	"code": "maipeimianbao",
	"name": "全麦面包",
	"thumb_image_url": "https://s.boohee.cn/house/upload_food/2022/1/18/slim_m_big_photo_url_734d51cb0453db04bb275a477a1e5be4.jpg?x-oss-process=image/resize,w_200,h_200",
	"is_liquid": false,
	"health_light": 1,
	"weight": "100",
	"calory": "254",
	"fat": "3.6",
	"protein": "12.3",
	"fiber_dietary": "6.0",
	"carbohydrate": "43.1",
	"vitamin_a": "0.0",
	"thiamine": "0.39",
	"lactoflavin": "0.17",
	"vitamin_c": "0.0",
	"vitamin_e": "0.54",
	"niacin": "4.43",
	"natrium": "449.0",
	"calcium": "163.0",
	"iron": "2.56",
	"kalium": "250.0",
	"iodine": "0.0",
	"zinc": "1.76",
	"selenium": "19.9",
	"magnesium": "77.0",
	"copper": "0.23",
	"manganese": "0.35",
	"cholesterol": "0.0",
	"folacin": "42.0",
	"saturated_fat": "0.73",
	"sugar": "4.41",
	"vitamin_b6": "0.22",
	"phosphor": "212.0",
	"gi": "69.0",
	"gl": ""
}, {
	"id": 92,
	"code": "ganshu_hongxin",
	"name": "红薯",
	"thumb_image_url": "https://s.boohee.cn/house/upload_food/2022/1/18/slim_bc7c36b31c994c9dae4b730003d82661.jpg?x-oss-process=image/resize,w_200,h_200",
	"is_liquid": false,
	"health_light": 1,
	"weight": "100",
	"calory": "86",
	"fat": "0.1",
	"protein": "1.6",
	"fiber_dietary": "3.0",
	"carbohydrate": "20.1",
	"vitamin_a": "63.0",
	"thiamine": "0.08",
	"lactoflavin": "0.06",
	"vitamin_c": "2.4",
	"vitamin_e": "0.26",
	"niacin": "0.56",
	"natrium": "55.0",
	"calcium": "30.0",
	"iron": "0.61",
	"kalium": "337.0",
	"iodine": "1.2",
	"zinc": "0.3",
	"selenium": "0.6",
	"magnesium": "25.0",
	"copper": "0.15",
	"manganese": "0.26",
	"cholesterol": "0.0",
	"folacin": "8.3",
	"saturated_fat": "0.0",
	"sugar": "4.04",
	"vitamin_b6": "0.19",
	"phosphor": "47.0",
	"gi": "54.0",
	"gl": "9.2"
}, {
	"id": 1163,
	"code": "yanmaipian",
	"name": "燕麦片",
	"thumb_image_url": "https://s.boohee.cn/house/upload_food/2022/1/18/slim_mid_photo_url_f9e08db17252ddef1f7a08d0fbb8f6fb.jpg?x-oss-process=image/resize,w_200,h_200",
	"is_liquid": false,
	"health_light": 1,
	"weight": "100",
	"calory": "338",
	"fat": "0.2",
	"protein": "10.1",
	"fiber_dietary": "6.0",
	"carbohydrate": "77.4",
	"vitamin_a": "0.0",
	"thiamine": "0.46",
	"lactoflavin": "0.07",
	"vitamin_c": "0.0",
	"vitamin_e": "0.91",
	"niacin": "0.0",
	"natrium": "2.1",
	"calcium": "58.0",
	"iron": "2.9",
	"kalium": "356.0",
	"iodine": "0.0",
	"zinc": "1.75",
	"selenium": "0.0",
	"magnesium": "116.0",
	"copper": "0.21",
	"manganese": "3.91",
	"cholesterol": "0.0",
	"folacin": "30.1",
	"saturated_fat": "0.0",
	"sugar": "1.0",
	"vitamin_b6": "0.0",
	"phosphor": "342.0",
	"gi": "55.0",
	"gl": ""
}, {
	"id": 27008,
	"code": "zishu",
	"name": "紫薯",
	"thumb_image_url": "https://s.boohee.cn/house/upload_food/2022/1/19/slim_mid_photo_url_big_photo_url_b48f483c506a51c70b22fd54f18dc2ef.jpg?x-oss-process=image/resize,w_200,h_200",
	"is_liquid": false,
	"health_light": 1,
	"weight": "100",
	"calory": "123",
	"fat": "0.3",
	"protein": "1.2",
	"fiber_dietary": "2.5",
	"carbohydrate": "31.7",
	"vitamin_a": "0.0",
	"thiamine": "0.12",
	"lactoflavin": "0.02",
	"vitamin_c": "0.1",
	"vitamin_e": "1.3",
	"niacin": "1.3",
	"natrium": "30.0",
	"calcium": "24.0",
	"iron": "0.6",
	"kalium": "370.0",
	"iodine": "0.0",
	"zinc": "0.2",
	"selenium": "0.0",
	"magnesium": "26.0",
	"copper": "0.21",
	"manganese": "0.5",
	"cholesterol": "0.0",
	"folacin": "22.0",
	"saturated_fat": "0.05",
	"sugar": "",
	"vitamin_b6": "0.18",
	"phosphor": "56.0",
	"gi": "77.0",
	"gl": "15.0"
}, {
	"id": 59,
	"code": "jingmizhou",
	"name": "白粥",
	"thumb_image_url": "https://s.boohee.cn/house/upload_food/2022/1/18/slim_mid_photo_url_big_photo_url_5496722b20671a0388e5834b068e2ca2.jpg?x-oss-process=image/resize,w_200,h_200",
	"is_liquid": false,
	"health_light": 1,
	"weight": "100",
	"calory": "46",
	"fat": "0.3",
	"protein": "1.1",
	"fiber_dietary": "0.1",
	"carbohydrate": "9.9",
	"vitamin_a": "0.0",
	"thiamine": "0.0",
	"lactoflavin": "0.03",
	"vitamin_c": "0.0",
	"vitamin_e": "0.0",
	"niacin": "0.2",
	"natrium": "2.8",
	"calcium": "7.0",
	"iron": "0.1",
	"kalium": "13.0",
	"iodine": "",
	"zinc": "0.2",
	"selenium": "0.2",
	"magnesium": "7.0",
	"copper": "0.03",
	"manganese": "0.2",
	"cholesterol": "0.0",
	"folacin": "",
	"saturated_fat": "",
	"sugar": "",
	"vitamin_b6": "",
	"phosphor": "20.0",
	"gi": "69.0",
	"gl": "6.8"
}, {
	"id": 28,
	"code": "youtiao",
	"name": "油条",
	"thumb_image_url": "https://s.boohee.cn/house/upload_food/2022/1/18/slim_mid_photo_url_big_photo_url_552a534384ecbc8888f957067c13942f.jpg?x-oss-process=image/resize,w_200,h_200",
	"is_liquid": false,
	"health_light": 3,
	"weight": "100",
	"calory": "388",
	"fat": "17.6",
	"protein": "6.9",
	"fiber_dietary": "0.9",
	"carbohydrate": "51.0",
	"vitamin_a": "0.0",
	"thiamine": "0.01",
	"lactoflavin": "0.07",
	"vitamin_c": "0.0",
	"vitamin_e": "3.19",
	"niacin": "0.7",
	"natrium": "585.2",
	"calcium": "6.0",
	"iron": "1.0",
	"kalium": "227.0",
	"iodine": "",
	"zinc": "0.75",
	"selenium": "8.6",
	"magnesium": "19.0",
	"copper": "0.19",
	"manganese": "0.52",
	"cholesterol": "0.0",
	"folacin": "6.0",
	"saturated_fat": "0.5",
	"sugar": "0.64",
	"vitamin_b6": "",
	"phosphor": "77.0",
	"gi": "75.0",
	"gl": "37.6"
}, {
	"id": 348,
	"code": "yutou",
	"name": "芋头",
	"thumb_image_url": "https://s.boohee.cn/house/upload_food/2022/1/18/slim_mid_photo_url_b55cb3edd355334376a0c2462a291d1f.jpg?x-oss-process=image/resize,w_200,h_200",
	"is_liquid": false,
	"health_light": 1,
	"weight": "100",
	"calory": "56",
	"fat": "0.2",
	"protein": "1.3",
	"fiber_dietary": "1.0",
	"carbohydrate": "12.7",
	"vitamin_a": "1.0",
	"thiamine": "0.05",
	"lactoflavin": "0.02",
	"vitamin_c": "1.5",
	"vitamin_e": "0.0",
	"niacin": "0.28",
	"natrium": "5.5",
	"calcium": "11.0",
	"iron": "0.3",
	"kalium": "25.0",
	"iodine": "",
	"zinc": "0.19",
	"selenium": "0.91",
	"magnesium": "19.0",
	"copper": "0.06",
	"manganese": "0.3",
	"cholesterol": "0.0",
	"folacin": "7.8",
	"saturated_fat": "",
	"sugar": "0.98",
	"vitamin_b6": "0.28",
	"phosphor": "50.0",
	"gi": "48.0",
	"gl": "5.6"
}, {
	"id": 16,
	"code": "miantiao_fuqiangfen_zhu",
	"name": "煮面条",
	"thumb_image_url": "https://s.boohee.cn/house/upload_food/2022/1/18/slim_mid_photo_url_7fa30a00fecb65c0533b9142a0072e42.jpg?x-oss-process=image/resize,w_200,h_200",
	"is_liquid": false,
	"health_light": 1,
	"weight": "100",
	"calory": "107",
	"fat": "0.4",
	"protein": "3.9",
	"fiber_dietary": "0.0",
	"carbohydrate": "22.8",
	"vitamin_a": "0.0",
	"thiamine": "0.02",
	"lactoflavin": "0.01",
	"vitamin_c": "0.0",
	"vitamin_e": "0.0",
	"niacin": "0.56",
	"natrium": "26.9",
	"calcium": "4.0",
	"iron": "0.2",
	"kalium": "15.0",
	"iodine": "",
	"zinc": "0.1",
	"selenium": "1.16",
	"magnesium": "10.0",
	"copper": "0.01",
	"manganese": "0.01",
	"cholesterol": "0.0",
	"folacin": "2.1",
	"saturated_fat": "0.1",
	"sugar": "",
	"vitamin_b6": "",
	"phosphor": "24.0",
	"gi": "41.0",
	"gl": "9.3"
}, {
	"id": 12,
	"code": "miantiao_junzhi",
	"name": "面条(生)",
	"thumb_image_url": "https://s.boohee.cn/house/upload_food/2022/1/18/slim_mid_photo_url_67e3a4544d0676c61e002e19dd8119fd.jpg?x-oss-process=image/resize,w_200,h_200",
	"is_liquid": false,
	"health_light": 1,
	"weight": "100",
	"calory": "301",
	"fat": "0.6",
	"protein": "8.9",
	"fiber_dietary": "0.8",
	"carbohydrate": "65.6",
	"vitamin_a": "0.0",
	"thiamine": "0.22",
	"lactoflavin": "0.07",
	"vitamin_c": "0.0",
	"vitamin_e": "0.47",
	"niacin": "1.8",
	"natrium": "21.4",
	"calcium": "12.0",
	"iron": "4.3",
	"kalium": "123.0",
	"iodine": "",
	"zinc": "1.09",
	"selenium": "6.59",
	"magnesium": "42.0",
	"copper": "0.15",
	"manganese": "0.71",
	"cholesterol": "0.0",
	"folacin": "",
	"saturated_fat": "0.1",
	"sugar": "",
	"vitamin_b6": "",
	"phosphor": "139.0",
	"gi": "55.0",
	"gl": "35.6"
}, {
	"id": 1166,
	"code": "mianbao_junzhi",
	"name": "面包",
	"thumb_image_url": "https://s.boohee.cn/house/upload_food/2022/1/18/slim_mid_photo_url_d6ca69ac1afb226f83f4758441c3c75a.jpg?x-oss-process=image/resize,w_200,h_200",
	"is_liquid": false,
	"health_light": 2,
	"weight": "100",
	"calory": "313",
	"fat": "5.1",
	"protein": "8.3",
	"fiber_dietary": "0.5",
	"carbohydrate": "58.6",
	"vitamin_a": "",
	"thiamine": "0.03",
	"lactoflavin": "0.06",
	"vitamin_c": "",
	"vitamin_e": "1.66",
	"niacin": "1.7",
	"natrium": "230.4",
	"calcium": "49.0",
	"iron": "2.0",
	"kalium": "88.0",
	"iodine": "",
	"zinc": "0.75",
	"selenium": "3.15",
	"magnesium": "31.0",
	"copper": "0.27",
	"manganese": "0.37",
	"cholesterol": "",
	"folacin": "",
	"saturated_fat": "0.3",
	"sugar": "",
	"vitamin_b6": "0.08",
	"phosphor": "107.0",
	"gi": "88.0",
	"gl": "51.1"
}, {
	"id": 346,
	"code": "shanyao",
	"name": "山药",
	"thumb_image_url": "https://s.boohee.cn/house/upload_food/2022/1/18/slim_mid_photo_url_43b6d0454b50ebf35facd9013d16afd3.jpg?x-oss-process=image/resize,w_200,h_200",
	"is_liquid": false,
	"health_light": 1,
	"weight": "100",
	"calory": "57",
	"fat": "0.2",
	"protein": "1.9",
	"fiber_dietary": "0.8",
	"carbohydrate": "12.4",
	"vitamin_a": "3.0",
	"thiamine": "0.05",
	"lactoflavin": "0.02",
	"vitamin_c": "5.0",
	"vitamin_e": "0.24",
	"niacin": "0.3",
	"natrium": "18.6",
	"calcium": "16.0",
	"iron": "0.3",
	"kalium": "213.0",
	"iodine": "3.6",
	"zinc": "0.27",
	"selenium": "0.55",
	"magnesium": "20.0",
	"copper": "0.24",
	"manganese": "0.12",
	"cholesterol": "0.0",
	"folacin": "7.8",
	"saturated_fat": "",
	"sugar": "0.22",
	"vitamin_b6": "0.29",
	"phosphor": "34.0",
	"gi": "51.0",
	"gl": "5.9"
}, {
	"id": 31,
	"code": "daomi_junzhi",
	"name": "大米",
	"thumb_image_url": "https://s.boohee.cn/house/upload_food/2022/1/18/slim_3e01a32158e941ccb328d808d6955684.jpg?x-oss-process=image/resize,w_200,h_200",
	"is_liquid": false,
	"health_light": 1,
	"weight": "100",
	"calory": "346",
	"fat": "0.9",
	"protein": "7.9",
	"fiber_dietary": "0.6",
	"carbohydrate": "77.2",
	"vitamin_a": "0.0",
	"thiamine": "0.15",
	"lactoflavin": "0.04",
	"vitamin_c": "0.0",
	"vitamin_e": "0.43",
	"niacin": "2.0",
	"natrium": "1.8",
	"calcium": "8.0",
	"iron": "1.1",
	"kalium": "112.0",
	"iodine": "2.3",
	"zinc": "1.54",
	"selenium": "2.83",
	"magnesium": "31.0",
	"copper": "0.25",
	"manganese": "1.13",
	"cholesterol": "0.0",
	"folacin": "23.7",
	"saturated_fat": "0.3",
	"sugar": "0.09",
	"vitamin_b6": "",
	"phosphor": "112.0",
	"gi": "87.0",
	"gl": "66.6"
}, {
	"id": 76,
	"code": "xiaomizhou",
	"name": "小米粥",
	"thumb_image_url": "https://s.boohee.cn/house/upload_food/2022/1/18/slim_mid_photo_url_big_photo_url_ef353b12d4e89108a469f0a38dff4404.jpg?x-oss-process=image/resize,w_200,h_200",
	"is_liquid": false,
	"health_light": 1,
	"weight": "100",
	"calory": "46",
	"fat": "0.7",
	"protein": "1.4",
	"fiber_dietary": "0.0",
	"carbohydrate": "8.4",
	"vitamin_a": "0.0",
	"thiamine": "0.02",
	"lactoflavin": "0.07",
	"vitamin_c": "0.0",
	"vitamin_e": "0.26",
	"niacin": "0.9",
	"natrium": "4.1",
	"calcium": "10.0",
	"iron": "1.0",
	"kalium": "19.0",
	"iodine": "",
	"zinc": "0.41",
	"selenium": "0.3",
	"magnesium": "22.0",
	"copper": "0.07",
	"manganese": "0.16",
	"cholesterol": "0.0",
	"folacin": "",
	"saturated_fat": "",
	"sugar": "",
	"vitamin_b6": "",
	"phosphor": "32.0",
	"gi": "60.0",
	"gl": "5.0"
}, {
	"id": 88,
	"code": "malingshu",
	"name": "马铃薯",
	"thumb_image_url": "https://s.boohee.cn/house/upload_food/2022/1/18/slim_mid_photo_url_8a7ff30a30cec1f7633e98a2388b545d.jpg?x-oss-process=image/resize,w_200,h_200",
	"is_liquid": false,
	"health_light": 1,
	"weight": "100",
	"calory": "81",
	"fat": "0.2",
	"protein": "2.6",
	"fiber_dietary": "1.1",
	"carbohydrate": "17.8",
	"vitamin_a": "1.0",
	"thiamine": "0.1",
	"lactoflavin": "0.02",
	"vitamin_c": "14.0",
	"vitamin_e": "0.34",
	"niacin": "1.1",
	"natrium": "5.9",
	"calcium": "7.0",
	"iron": "0.4",
	"kalium": "347.0",
	"iodine": "1.2",
	"zinc": "0.3",
	"selenium": "0.47",
	"magnesium": "24.0",
	"copper": "0.09",
	"manganese": "0.1",
	"cholesterol": "0.0",
	"folacin": "15.7",
	"saturated_fat": "",
	"sugar": "1.61",
	"vitamin_b6": "",
	"phosphor": "46.0",
	"gi": "62.0",
	"gl": "10.4"
}, {
	"id": 1944,
	"code": "baozi_zhurouxian",
	"name": "包子(猪肉馅)",
	"thumb_image_url": "https://s.boohee.cn/house/upload_food/2022/1/18/slim_mid_photo_url_210714ad3b3bef4c9f899c8d485ae5ad.jpg?x-oss-process=image/resize,w_200,h_200",
	"is_liquid": false,
	"health_light": 2,
	"weight": "100",
	"calory": "227",
	"fat": "10.0",
	"protein": "7.3",
	"fiber_dietary": "1.7",
	"carbohydrate": "30.3",
	"vitamin_a": "",
	"thiamine": "",
	"lactoflavin": "",
	"vitamin_c": "",
	"vitamin_e": "",
	"niacin": "",
	"natrium": "",
	"calcium": "",
	"iron": "",
	"kalium": "",
	"iodine": "",
	"zinc": "",
	"selenium": "",
	"magnesium": "",
	"copper": "",
	"manganese": "",
	"cholesterol": "",
	"folacin": "",
	"saturated_fat": "",
	"sugar": "",
	"vitamin_b6": "",
	"phosphor": "",
	"gi": "39.1",
	"gl": "11.2"
}, {
	"id": 91,
	"code": "ganshu_baixin",
	"name": "白薯",
	"thumb_image_url": "https://s.boohee.cn/house/upload_food/2022/1/18/slim_mid_photo_url_big_photo_url_60601e92dbb659a70d9ec8867d13ead3.jpg?x-oss-process=image/resize,w_200,h_200",
	"is_liquid": false,
	"health_light": 1,
	"weight": "100",
	"calory": "106",
	"fat": "0.2",
	"protein": "1.4",
	"fiber_dietary": "1.0",
	"carbohydrate": "25.2",
	"vitamin_a": "18.0",
	"thiamine": "0.07",
	"lactoflavin": "0.04",
	"vitamin_c": "24.0",
	"vitamin_e": "0.43",
	"niacin": "0.6",
	"natrium": "58.2",
	"calcium": "24.0",
	"iron": "0.8",
	"kalium": "174.0",
	"iodine": "0.0",
	"zinc": "0.22",
	"selenium": "0.63",
	"magnesium": "17.0",
	"copper": "0.16",
	"manganese": "0.21",
	"cholesterol": "0.0",
	"folacin": "0.0",
	"saturated_fat": "0.0",
	"sugar": "",
	"vitamin_b6": "0.0",
	"phosphor": "46.0",
	"gi": "",
	"gl": ""
}, {
	"id": 22,
	"code": "laobing_biaozhunfen",
	"name": "烙饼",
	"thumb_image_url": "https://s.boohee.cn/house/upload_food/2022/1/18/slim_mid_photo_url_a34dd702004e7915602df737d2895953.jpg?x-oss-process=image/resize,w_200,h_200",
	"is_liquid": false,
	"health_light": 1,
	"weight": "100",
	"calory": "258",
	"fat": "2.3",
	"protein": "7.5",
	"fiber_dietary": "1.9",
	"carbohydrate": "52.9",
	"vitamin_a": "0.0",
	"thiamine": "0.02",
	"lactoflavin": "0.04",
	"vitamin_c": "0.0",
	"vitamin_e": "1.03",
	"niacin": "0.0",
	"natrium": "149.3",
	"calcium": "20.0",
	"iron": "2.4",
	"kalium": "141.0",
	"iodine": "",
	"zinc": "0.94",
	"selenium": "7.5",
	"magnesium": "51.0",
	"copper": "0.15",
	"manganese": "1.15",
	"cholesterol": "0.0",
	"folacin": "92.0",
	"saturated_fat": "",
	"sugar": "",
	"vitamin_b6": "",
	"phosphor": "146.0",
	"gi": "80.0",
	"gl": "40.8"
} 

]